"Id","TagName"
1,"bayesian"
2,"prior"
3,"elicitation"
4,"normality"
5,"open-source"
6,"distributions"
9,"machine-learning"
10,"dataset"
11,"sample"
12,"population"
15,"measurement"
16,"scales"
17,"interpolation"
18,"multivariable"
21,"anova"
23,"census"
26,"frequentist"
27,"pdf"
28,"cdf"
30,"time-series"
33,"standard-deviation"
35,"test"
37,"algorithms"
38,"hypothesis-testing"
39,"p-value"
41,"r"
44,"poisson"
46,"overdispersion"
47,"correlation"
48,"teaching"
50,"logit"
52,"transportation"
54,"data-visualization"
55,"clustering"
58,"pattern-recognition"
59,"random-variable"
60,"error"
62,"neural-networks"
67,"statistical-bias"
72,"nonparametric"
74,"forecasting"
75,"garch"
76,"volatility-forecasting"
77,"ordinal"
78,"summary-statistics"
79,"signal-processing"
82,"blog"
85,"multiple-comparisons"
86,"power"
87,"methodology"
88,"theory"
89,"definition"
93,"k-nearest-neighbour"
94,"classification"
102,"library"
109,"pca"
110,"scores"
111,"regression"
113,"mcmc"
117,"polling"
118,"kde"
119,"kernel"
120,"count-data"
121,"epidemiology"
122,"outliers"
124,"seasonality"
125,"contingency-tables"
126,"categorical-data"
127,"data-mining"
128,"fitting"
129,"t-test"
130,"interval"
131,"generalized-linear-model"
132,"discrete-data"
133,"continuous-data"
135,"statistical-significance"
136,"protovis"
138,"minimum"
141,"online"
143,"maximum"
144,"finance"
147,"variance"
148,"boosting"
150,"csv-file"
152,"application"
157,"random-effects-model"
158,"sample-size"
159,"estimation"
160,"least-squares"
161,"maximum-likelihood"
162,"spatial"
168,"gmm"
169,"method-of-moments"
170,"beta-binomial"
171,"logarithm"
173,"homogeneity"
176,"binomial"
177,"disease"
179,"entropy"
182,"unbalanced-classes"
183,"median"
186,"code"
188,"probability"
194,"proof"
196,"information-retrieval"
197,"monitoring"
198,"best-practices"
200,"mean"
201,"uncertainty"
203,"science"
204,"humor"
206,"bootstrap"
207,"robust"
210,"text-mining"
211,"mathematics"
213,"mathematical-statistics"
215,"aic"
216,"sas"
217,"pc-sas"
218,"feature-selection"
219,"cross-validation"
220,"equivalence"
221,"data-transformation"
222,"optimal-scaling"
223,"loss-functions"
225,"model-comparison"
229,"sem"
231,"econometrics"
233,"post-hoc"
234,"sphericity"
235,"within-subjects"
236,"bic"
237,"model-selection"
240,"e-m"
241,"intuition"
243,"svm"
246,"spss"
249,"randomness"
250,"software"
251,"image-processing"
255,"random-forest"
256,"factor-analysis"
257,"binary-data"
260,"censoring"
262,"search-theory"
263,"mixed-model"
264,"logistic-regression"
270,"real-time"
272,"uniform"
274,"reliability"
275,"confidence-interval"
276,"credible-interval"
278,"mutual-information"
280,"degrees-of-freedom"
281,"multidimensional-scaling"
283,"chi-squared"
284,"multicollinearity"
288,"predictive-models"
289,"pareto-distribution"
290,"data-imputation"
291,"control-chart"
294,"roc"
295,"efficiency"
296,"likelihood-function"
297,"data-generating-process"
299,"permutation"
300,"combination"
303,"bioinformatics"
304,"careers"
305,"repeated-measures"
306,"parametric"
307,"stata"
308,"games"
309,"directional-statistics"
310,"moments"
312,"variability"
313,"link-function"
319,"stochastic-processes"
320,"wavelet"
321,"modeling"
322,"books"
323,"lasso"
325,"ridge-regression"
328,"odds-ratio"
329,"validation"
330,"testing"
332,"funnel-plot"
333,"java"
334,"relative-risk"
336,"order-statistics"
337,"conditional-probability"
338,"predictor"
340,"python"
341,"compression"
342,"kullback-leibler"
345,"type-i-errors"
346,"type-ii-errors"
347,"terminology"
348,"smoothing"
349,"splines"
351,"z-statistic"
353,"small-sample"
354,"intraclass-correlation"
355,"aggregation"
356,"interpretation"
357,"effect-size"
358,"dynamic-regression"
359,"standard-error"
361,"negative-binomial"
362,"computational-statistics"
363,"computing"
364,"engineering-statistics"
368,"latex"
369,"plyr"
373,"networks"
377,"variance-covariance"
378,"matlab"
379,"experiment-design"
380,"genetic-algorithms"
383,"survival"
384,"hazard"
386,"power-analysis"
387,"gui"
388,"learning"
389,"point-process"
390,"cross-correlation"
391,"cohens-d"
393,"conferences"
394,"scale-invariance"
396,"partitioning"
397,"asymptotics"
398,"psychometrics"
399,"psychology"
401,"proportion"
402,"igraph"
403,"normalization"
405,"markov-process"
406,"association-measure"
407,"ordered-variables"
409,"meta-analysis"
410,"reproducible-research"
411,"sweave"
412,"journals"
414,"goodness-of-fit"
416,"truncation"
419,"cointegration"
420,"stationarity"
421,"exponential"
422,"particle-filter"
423,"kalman-filter"
425,"multivariate-analysis"
427,"missing-data"
428,"topologies"
429,"causal-inference"
430,"sampling"
435,"recommendations"
436,"expected-value"
437,"fraud"
438,"metropolis-hastings"
441,"kurtosis"
442,"multinomial"
443,"cart"
446,"loess"
447,"curve-fitting"
448,"discontinuity"
449,"monte-carlo"
451,"ancova"
452,"philosophical"
454,"central-limit-theorem"
455,"approximation"
459,"rule-of-thumb"
460,"gpu"
461,"parallel-computing"
462,"likelihood-ratio"
463,"kolmogorov-smirnov"
465,"autocorrelation"
467,"panel-data"
469,"multilevel-analysis"
471,"rating"
473,"non-independent"
476,"precision-recall"
478,"job"
479,"for-retag"
480,"microarray"
481,"survey"
486,"clinical-trials"
488,"latent-class"
489,"independence"
490,"basic-concepts"
491,"business-intelligence"
492,"information-theory"
493,"discriminant-analysis"
494,"frailty"
495,"dimensionality-reduction"
497,"project-management"
498,"latent-variable"
499,"matrix"
501,"quantiles"
505,"nonlinear-regression"
507,"inference"
508,"eda"
509,"heteroscedasticity"
510,"contrasts"
511,"output"
516,"log-linear"
517,"cross-section"
518,"dice"
522,"hypothesis"
523,"correspondence-analysis"
525,"big-list"
528,"hmm"
529,"normal-distribution"
530,"splus"
531,"instrumental-variables"
532,"mode"
533,"beta"
534,"histogram"
537,"empirical"
538,"excel"
539,"fractal"
540,"propensity-scores"
541,"large-data"
546,"biostatistics"
550,"genetics"
551,"referee"
552,"homework"
553,"matplotlib"
554,"assumptions"
556,"multicore"
557,"tables"
558,"inter-rater"
559,"copula"
560,"jmp"
562,"dendrogram"
563,"boxplot"
564,"longitudinal"
565,"unbiased-estimator"
567,"updating"
568,"percentile"
569,"unsupervised-learning"
571,"yates-correction"
572,"barplot"
574,"quality-control"
575,"distance-functions"
579,"javascript"
580,"dataframe"
585,"c++"
586,"e1071"
587,"naive-bayes"
589,"random-generation"
591,"arima"
592,"intervention-analysis"
594,"gls"
595,"em-algorithm"
596,"prediction-limit"
597,"gibbs"
598,"probability-theory"
599,"failure"
601,"marginal"
602,"matrix-decomposition"
603,"svd"
605,"numerics"
608,"sql"
616,"graphical-model"
617,"manova"
619,"reinforcement-learning"
620,"recommender-system"
621,"optimization"
622,"stepwise-regression"
623,"lognormal"
627,"resources"
628,"fixed-effects-model"
629,"matrix-inverse"
631,"simulation"
632,"bugs"
633,"sign-test"
634,"wilcoxon"
636,"interaction"
639,"elastic-net"
640,"regularization"
641,"dlm"
642,"ggplot2"
644,"ranks"
648,"mgcv"
652,"history"
653,"calibration"
656,"descriptive-statistics"
657,"averages"
661,"pls"
663,"rpart"
667,"error-propagation"
668,"spearman"
669,"bounds"
672,"shrinkage"
673,"optimal-stopping"
675,"resampling"
676,"extreme-value"
678,"heteroskedasticity"
685,"bradley-terry-model"
688,"graph-theory"
689,"pairwise-comparison"
691,"sums-of-squares"
694,"r-squared"
697,"split-plot"
700,"threshold"
702,"students-t"
703,"diagnostic"
704,"signal-detection"
708,"residuals"
712,"interactive-visualization"
717,"ranking"
720,"levenes-test"
721,"weighted-mean"
722,"deviance"
725,"odds"
726,"delta-method"
730,"weka"
731,"linear-model"
732,"trend"
733,"spatio-temporal"
735,"gnuplot"
736,"tukey-hsd"
737,"dirichlet-distribution"
738,"gamma-distribution"
739,"integral"
740,"mediation"
741,"moderator"
742,"multiple-regression"
743,"publication-bias"
746,"simpsons-paradox"
748,"white-noise"
749,"units"
752,"density-function"
753,"jags"
754,"fourier-transform"
755,"rotation"
756,"invariance"
758,"generative-models"
759,"nls"
760,"meta-regression"
761,"self-organizing-maps"
762,"stratification"
764,"errors-in-variables"
765,"web"
769,"lmer"
770,"state-space-models"
771,"chow-test"
772,"change-point"
778,"non-central"
779,"t-distribution"
781,"confounding"
783,"binning"
785,"average"
786,"non-response"
787,"max-margin"
788,"pivot"
791,"composite"
793,"zipf"
796,"churn"
800,"structural-change"
801,"functional-data-analysis"
802,"measurement-error"
804,"bias"
805,"ica"
806,"multiple-hypothesis"
807,"mixture"
808,"notation"
809,"kruskal-wallis"
810,"fisher"
811,"information"
813,"likert"
816,"pie-chart"
820,"granger-causality"
823,"decision-theory"
825,"gee"
826,"conjoint-analysis"
827,"function"
828,"matching"
829,"case-control-study"
830,"arma"
831,"rank-correlation"
832,"rapidminer"
835,"finite-population"
839,"lsa"
840,"index-decomposition"
843,"queueing"
844,"correlated-predictors"
846,"skew"
847,"ab-test"
849,"interval-censoring"
850,"mathematica"
851,"profile-likelihood"
854,"scatterplot"
855,"importance"
856,"k-means"
857,"logrank"
861,"maximum-entropy"
862,"fuzzy-set"
863,"tobit-regression"
865,"cox-model"
866,"coxph"
869,"covariance"
870,"hotelling"
873,"gaussian-process"
875,"probit"
877,"education"
881,"path-model"
883,"weighted-sampling"
885,"mann-whitney-u-test"
886,"multivariate-regression"
887,"f-test"
890,"exponential-smoothing"
892,"observational-study"
905,"f-distribution"
908,"checking"
911,"distance"
912,"metric"
913,"biplot"
914,"rjags"
915,"repeatability"
916,"multilevel"
917,"blocking"
923,"neuroimaging"
924,"bivariate"
926,"auc"
927,"glmnet"
930,"identifiability"
934,"nonparametric-bayes"
936,"sources"
937,"scoring"
938,"regression-coefficients"
939,"numpy"
941,"knowledge-discovery"
942,"bonferroni"
943,"binary"
944,"data.frame"
945,"autoregressive"
951,"sequential-analysis"
956,"conditional-expectation"
957,"power-law"
958,"untagged"
959,"hypergeometric"
960,"zero-inflation"
963,"feature-construction"
964,"kappa"
967,"standardization"
968,"calc"
969,"random-matrix"
970,"amos"
972,"ward"
973,"curves"
975,"logistic"
978,"caret"
979,"lme"
980,"validity"
983,"rasch"
985,"irt"
988,"density"
989,"pmml"
993,"rejection-sampling"
994,"posterior"
995,"abc"
1004,"minitab"
1006,"natural-language"
1009,"centering"
1010,"quasi-monte-carlo"
1011,"macroeconomics"
1013,"randomization"
1015,"neweywest"
1016,"convergence"
1017,"lags"
1018,"model-based-clustering"
1031,"2sls"
1033,"group-differences"
1036,"reporting"
1037,"media"
1039,"prediction-interval"
1040,"trimmed-mean"
1044,"out-of-sample"
1047,"expectation-maximization"
1048,"gam"
1049,"nominal"
1050,"confirmatory-factor"
1052,"gbm"
1054,"anderson-darling"
1055,"latin-square"
1057,"treatment-effect"
1058,"c#"
1061,"synthetic-data"
1064,"google-spreadsheet"
1068,"suppressor"
1069,"partial"
1070,"partial-correlation"
1071,"references"
1073,"bayes-network"
1074,"wishart"
1075,"inverse-gamma"
1077,"pearson"
1079,"presentation"
1080,"consistency"
1081,"lars"
1084,"gis"
1087,"quasi-binomial"
1092,"skewed"
1094,"hac"
1095,"generalized-least-squares"
1096,"residual-analysis"
1097,"linear-algebra"
1098,"parameterization"
1100,"elections"
1101,"coefficient-of-variation"
1105,"dummy-variables"
1106,"summations"
1108,"ensemble"
1109,"unit-root"
1110,"reversible-jump"
1111,"variogram"
1114,"quantile-regression"
1116,"minimum-variance"
1117,"perl"
1118,"quick-references"
1119,"glossary"
1120,"hospital"
1121,"rct"
1124,"piecewise-linear"
1126,"package"
1127,"discovery"
1128,"skellam"
1129,"life-expectancy"
1130,"demography"
1132,"phd"
1133,"academia"
1134,"canonical-correlation"
1135,"marketing"
1136,"performance"
1137,"forecast"
1138,"gravity"
1139,"model"
1140,"scipy"
1141,"limdep"
1142,"integrate"
1143,"prediction"
1146,"root-finding"
1147,"polynomial"
1148,"arp-model"
1149,"weighted-regression"
1150,"glmer"
1151,"probability-inequalities"
1152,"crossover-trials"
1153,"etymology"
1154,"mgf"
1155,"ecology"
1156,"spearman-rho"
1157,"paired-data"
1158,"association-rules"
1159,"statistical-learning"
1160,"multi-class"
1161,"segmentation"
1162,"stopping-criteria"
1164,"foreach"
1165,"parallel"
1166,"frequency"
1167,"oversampling"
1168,"operations-research"
1169,"gini"
1170,"base-rates"
1171,"data-cleaning"
1172,"party"
1174,"internet"
1175,"conjugate-prior"
1176,"birth-death-process"
1177,"euclidean"
1178,"conditioning"
1179,"realization"
1180,"method-comparison"
1183,"bernoulli-distribution"
1184,"geometric-distribution"
1185,"weibull"
1186,"gumbel"
1187,"winbugs"
1190,"umvue"
1191,"exponential-family"
1192,"rao-blackwell-theorem"
1197,"basic-calculus"
1198,"similarities"
1199,"point-cloud"
1201,"gradient-descent"
1202,"importance-sampling"
1203,"variance-reduction"
1204,"openmx"
1205,"rms"
1206,"whitening"
1207,"large-p-small-n"
1208,"ai"
1209,"multiarmed-bandit"
1211,"sparse"
1212,"paradox"
1213,"libsvm"
1214,"social-science"
1216,"besd"
1217,"nlp"
1218,"database"
1219,"heritability"
1220,"lorenz-curve"
1221,"geomarketing"
1222,"trigonometry"
1224,"scikit-learn"
1225,"incidence-rate-ratio"
1226,"profile-traces"
1227,"kaplan-meier"
1228,"proc-lifetest"
1229,"floating-point-overflow"
1230,"statistical-control"
1231,"multiple-imputation"
1232,"risk"
1233,"point-estimation"
1234,"offset"
1235,"skewness"
1237,"positive-quadrant"
1238,"minimax"
1239,"communication"
1240,"ruby"
1241,"vc-dimension"
1242,"beta-regression"
1243,"bayes"
1244,"unit-information-prior"
1246,"big-data"
1249,"variable-names"
1250,"collaboration"
1251,"style"
1253,"tolerance-interval"
1254,"confidence-distribution"
1255,"f-distribuion"
1256,"expec"
1257,"change-scores"
1258,"kernel-trick"
1259,"fiducial"
1260,"paired-comparisons"
1261,"boltzmann-machine"
1262,"dyadic-data"
1263,"competing-risks"
1264,"geometry"
1266,"linear-dynamical-system"
1267,"spatial-interaction-model"
1268,"chunk-tests"
1269,"general-additive-model"
1270,"non-nested"
1271,"clarke-vuong-tests"
1272,"nested"
1275,"mnemonics"
1276,"julia-lang"
1277,"data-association"
1278,"dirichlet-process"
1279,"twin"
1280,"long-range-dependence"
1282,"segmented-regression"
1284,"likelihood"
1285,"train"
1286,"holdout"
1287,"na"
1289,"multilabel"
1290,"quasi-likelihood"
1291,"courses"
1292,"exploratory-analysis"
1293,"lm"
1294,"absolute-risk"
1295,"rare-events"
1296,"hellinger"
1297,"two-step-estimation"
1298,"martingale"
1299,"eigenvalues"
1300,"normal"
1301,"iid"
1302,"poisson-process"
1303,"data-management"
1304,"hyperparameter"
1305,"z-test"
1306,"interarrival-time"
1307,"representative"
1308,"mad"
1309,"mse"
1310,"quadratic-form"
1311,"exams"
1313,"pitch-game"
1314,"polynomilal"
